{"cameraMode":{"drawMode":0,"name":"Shaded","section":"Shading Mode"},"sceneLighting":false,"audioPlay":false,"sceneViewState":{"m_AlwaysRefresh":false,"showFog":true,"showSkybox":false,"showFlares":true,"showImageEffects":true,"showParticleSystems":true,"showVisualEffectGraphs":true,"m_FxEnabled":true},"in2DMode":false,"pivot":{"x":12.945174217224121,"y":0.6997618079185486,"z":-6.209291458129883},"rotation":{"x":-0.07873018831014633,"y":0.15693852305412293,"z":-0.012554137967526913,"w":-0.9843852519989014},"size":4.977070331573486,"orthographic":false}