{"cameraMode":{"drawMode":0,"name":"Shaded","section":"Shading Mode"},"sceneLighting":true,"audioPlay":false,"sceneViewState":{"m_AlwaysRefresh":false,"showFog":true,"showSkybox":true,"showFlares":true,"showImageEffects":true,"showParticleSystems":true,"showVisualEffectGraphs":true,"m_FxEnabled":true},"in2DMode":false,"pivot":{"x":-3.7287075519561769,"y":0.4226721525192261,"z":2.6820831298828127},"rotation":{"x":-0.05487801134586334,"y":0.35783714056015017,"z":-0.021055476740002633,"w":-0.9319655895233154},"size":6.588498115539551,"orthographic":false}