{"cameraMode":{"drawMode":0,"name":"Shaded","section":"Shading Mode"},"sceneLighting":true,"audioPlay":false,"sceneViewState":{"m_AlwaysRefresh":false,"showFog":true,"showSkybox":true,"showFlares":true,"showImageEffects":true,"showParticleSystems":true,"showVisualEffectGraphs":true,"m_FxEnabled":true},"in2DMode":false,"pivot":{"x":99.04733276367188,"y":-29.88043975830078,"z":139.99627685546876},"rotation":{"x":-0.42165881395339968,"y":0.01278977282345295,"z":-0.005936506204307079,"w":-0.9066676497459412},"size":59.57709884643555,"orthographic":false}