{"cameraMode":{"drawMode":0,"name":"Shaded","section":"Shading Mode"},"sceneLighting":true,"audioPlay":false,"sceneViewState":{"m_AlwaysRefresh":false,"showFog":true,"showSkybox":true,"showFlares":true,"showImageEffects":true,"showParticleSystems":true,"showVisualEffectGraphs":true,"m_FxEnabled":true},"in2DMode":false,"pivot":{"x":84.59892272949219,"y":43.575923919677737,"z":50.834373474121097},"rotation":{"x":-0.018795346841216089,"y":-0.9290428757667542,"z":-0.04759332165122032,"w":0.3665410578250885},"size":33.863555908203128,"orthographic":false}