{"cameraMode":{"drawMode":0,"name":"Shaded","section":"Shading Mode"},"sceneLighting":true,"audioPlay":false,"sceneViewState":{"m_AlwaysRefresh":false,"showFog":true,"showSkybox":true,"showFlares":true,"showImageEffects":true,"showParticleSystems":true,"showVisualEffectGraphs":true,"m_FxEnabled":false},"in2DMode":false,"pivot":{"x":512.9816284179688,"y":34.152923583984378,"z":473.369873046875},"rotation":{"x":0.25109806656837466,"y":-0.009574095718562603,"z":0.00246470607817173,"w":0.9679802656173706},"size":19.30006217956543,"orthographic":false}