{"cameraMode":{"drawMode":0,"name":"Shaded","section":"Shading Mode"},"sceneLighting":true,"audioPlay":false,"sceneViewState":{"m_AlwaysRefresh":false,"showFog":true,"showSkybox":true,"showFlares":true,"showImageEffects":true,"showParticleSystems":true,"showVisualEffectGraphs":true,"m_FxEnabled":true},"in2DMode":false,"pivot":{"x":516.0914916992188,"y":109.81178283691406,"z":113.18656158447266},"rotation":{"x":0.06279553472995758,"y":-0.11436846107244492,"z":0.007774048484861851,"w":0.9915571808815002},"size":-1.1206369400024415,"orthographic":false}