{"cameraMode":{"drawMode":0,"name":"Shaded","section":"Shading Mode"},"sceneLighting":true,"audioPlay":false,"sceneViewState":{"m_AlwaysRefresh":false,"showFog":true,"showSkybox":true,"showFlares":true,"showImageEffects":true,"showParticleSystems":true,"showVisualEffectGraphs":true,"m_FxEnabled":false},"in2DMode":false,"pivot":{"x":0.7199773788452148,"y":2.990952968597412,"z":1.5046086311340333},"rotation":{"x":-0.13244247436523438,"y":0.18820181488990785,"z":-0.025621861219406129,"w":-0.9728330373764038},"size":5.428718090057373,"orthographic":false}