{"cameraMode":{"drawMode":0,"name":"Shaded","section":"Shading Mode"},"sceneLighting":true,"audioPlay":false,"sceneViewState":{"m_AlwaysRefresh":true,"showFog":true,"showSkybox":true,"showFlares":true,"showImageEffects":true,"showParticleSystems":true,"showVisualEffectGraphs":true,"m_FxEnabled":false},"in2DMode":false,"pivot":{"x":509.1904602050781,"y":32.14148712158203,"z":468.511962890625},"rotation":{"x":0.13740453124046327,"y":0.21796445548534394,"z":-0.030991453677415849,"w":0.9658553600311279},"size":10.504767417907715,"orthographic":false}