{"cameraMode":{"drawMode":0,"name":"Shaded","section":"Shading Mode"},"sceneLighting":true,"audioPlay":false,"sceneViewState":{"m_AlwaysRefresh":false,"showFog":true,"showSkybox":true,"showFlares":true,"showImageEffects":true,"showParticleSystems":true,"showVisualEffectGraphs":true,"m_FxEnabled":false},"in2DMode":false,"pivot":{"x":0.1858048439025879,"y":1.516801357269287,"z":0.22960525751113892},"rotation":{"x":-0.13998809456825257,"y":0.4142175614833832,"z":-0.06464184820652008,"w":-0.897025465965271},"size":2.8639512062072756,"orthographic":false}