{"cameraMode":{"drawMode":0,"name":"Shaded","section":"Shading Mode"},"sceneLighting":false,"audioPlay":false,"sceneViewState":{"m_AlwaysRefresh":false,"showFog":false,"showSkybox":false,"showFlares":false,"showImageEffects":false,"showParticleSystems":false,"showVisualEffectGraphs":true,"m_FxEnabled":true},"in2DMode":false,"pivot":{"x":0.047245800495147708,"y":0.8125990629196167,"z":0.153548464179039},"rotation":{"x":-0.33137357234954836,"y":-0.016418812796473504,"z":0.005768748000264168,"w":-0.9433460235595703},"size":1.414470911026001,"orthographic":false}