{"cameraMode":{"drawMode":0,"name":"Shaded","section":"Shading Mode"},"sceneLighting":false,"audioPlay":false,"sceneViewState":{"m_AlwaysRefresh":true,"showFog":true,"showSkybox":false,"showFlares":true,"showImageEffects":true,"showParticleSystems":true,"showVisualEffectGraphs":true,"m_FxEnabled":true},"in2DMode":false,"pivot":{"x":511.589599609375,"y":103.88031005859375,"z":126.27381134033203},"rotation":{"x":0.18230226635932923,"y":-0.007802193518728018,"z":0.0022621541284024717,"w":0.983391523361206},"size":8.83483600616455,"orthographic":false}