{"cameraMode":{"drawMode":0,"name":"Shaded","section":"Shading Mode"},"sceneLighting":false,"audioPlay":false,"sceneViewState":{"m_AlwaysRefresh":true,"showFog":true,"showSkybox":false,"showFlares":true,"showImageEffects":true,"showParticleSystems":true,"showVisualEffectGraphs":true,"m_FxEnabled":true},"in2DMode":false,"pivot":{"x":517.7108154296875,"y":103.68803405761719,"z":118.56600952148438},"rotation":{"x":0.26304560899734499,"y":0.37734144926071169,"z":-0.11180385202169419,"w":0.881071925163269},"size":7.528731822967529,"orthographic":false}