{"cameraMode":{"drawMode":0,"name":"Shaded","section":"Shading Mode"},"sceneLighting":false,"audioPlay":false,"sceneViewState":{"m_AlwaysRefresh":false,"showFog":false,"showSkybox":false,"showFlares":false,"showImageEffects":false,"showParticleSystems":false,"showVisualEffectGraphs":true,"m_FxEnabled":true},"in2DMode":false,"pivot":{"x":0.0000908970832824707,"y":0.8744039535522461,"z":-0.003048449754714966},"rotation":{"x":-0.2493918091058731,"y":-0.2731131911277771,"z":0.07289748638868332,"w":-0.9263731837272644},"size":1.3238521814346314,"orthographic":false}