{"cameraMode":{"drawMode":0,"name":"Shaded","section":"Shading Mode"},"sceneLighting":false,"audioPlay":false,"sceneViewState":{"m_AlwaysRefresh":false,"showFog":false,"showSkybox":false,"showFlares":false,"showImageEffects":false,"showParticleSystems":false,"showVisualEffectGraphs":true,"m_FxEnabled":false},"in2DMode":false,"pivot":{"x":0.047245800495147708,"y":0.8125990629196167,"z":0.153548464179039},"rotation":{"x":-0.04206910729408264,"y":0.9483062028884888,"z":-0.14216779172420503,"w":-0.28061142563819888},"size":1.414470911026001,"orthographic":false}