{"cameraMode":{"drawMode":0,"name":"Shaded","section":"Shading Mode"},"sceneLighting":false,"audioPlay":false,"sceneViewState":{"m_AlwaysRefresh":true,"showFog":true,"showSkybox":false,"showFlares":true,"showImageEffects":true,"showParticleSystems":true,"showVisualEffectGraphs":true,"m_FxEnabled":true},"in2DMode":false,"pivot":{"x":224.22459411621095,"y":26.196107864379884,"z":46.888221740722659},"rotation":{"x":0.19406341016292573,"y":-0.014048467390239239,"z":0.0030451675411313774,"w":0.9809789061546326},"size":9.591341018676758,"orthographic":false}