{"cameraMode":{"drawMode":0,"name":"Shaded","section":"Shading Mode"},"sceneLighting":false,"audioPlay":false,"sceneViewState":{"m_AlwaysRefresh":false,"showFog":false,"showSkybox":false,"showFlares":false,"showImageEffects":false,"showParticleSystems":false,"showVisualEffectGraphs":true,"m_FxEnabled":true},"in2DMode":false,"pivot":{"x":-0.0011452138423919678,"y":0.8688088059425354,"z":-0.06969881802797318},"rotation":{"x":-0.10337404161691666,"y":0.7674767374992371,"z":-0.12803778052330018,"w":-0.619613528251648},"size":1.0819731950759888,"orthographic":false}