{"cameraMode":{"drawMode":0,"name":"Shaded","section":"Shading Mode"},"sceneLighting":false,"audioPlay":false,"sceneViewState":{"m_AlwaysRefresh":true,"showFog":true,"showSkybox":false,"showFlares":true,"showImageEffects":true,"showParticleSystems":true,"showVisualEffectGraphs":true,"m_FxEnabled":true},"in2DMode":false,"pivot":{"x":-7.125466823577881,"y":0.8241292834281921,"z":-2.2864601612091066},"rotation":{"x":0.0044736918061971668,"y":0.9704477190971375,"z":-0.24242419004440309,"w":0.012753762304782868},"size":1.677927017211914,"orthographic":false}