{"cameraMode":{"drawMode":0,"name":"Shaded","section":"Shading Mode"},"sceneLighting":true,"audioPlay":false,"sceneViewState":{"m_AlwaysRefresh":true,"showFog":true,"showSkybox":true,"showFlares":true,"showImageEffects":true,"showParticleSystems":true,"showVisualEffectGraphs":true,"m_FxEnabled":true},"in2DMode":false,"pivot":{"x":1.5988609790802003,"y":0.8125985860824585,"z":-1.6898868083953858},"rotation":{"x":0.06975496560335159,"y":-0.9146275520324707,"z":0.17953148484230042,"w":0.3555850088596344},"size":1.414470911026001,"orthographic":false}