{"cameraMode":{"drawMode":0,"name":"Shaded","section":"Shading Mode"},"sceneLighting":true,"audioPlay":false,"sceneViewState":{"m_AlwaysRefresh":true,"showFog":true,"showSkybox":true,"showFlares":true,"showImageEffects":true,"showParticleSystems":true,"showVisualEffectGraphs":true,"m_FxEnabled":true},"in2DMode":false,"pivot":{"x":0.8130226135253906,"y":0.2917079031467438,"z":-3.014122486114502},"rotation":{"x":-0.0041554030030965809,"y":0.9922466278076172,"z":-0.03455374762415886,"w":-0.11934167891740799},"size":7.400992393493652,"orthographic":false}