{"cameraMode":{"drawMode":0,"name":"Shaded","section":"Shading Mode"},"sceneLighting":true,"audioPlay":false,"sceneViewState":{"m_AlwaysRefresh":false,"showFog":true,"showSkybox":true,"showFlares":true,"showImageEffects":true,"showParticleSystems":true,"showVisualEffectGraphs":true,"m_FxEnabled":true},"in2DMode":false,"pivot":{"x":515.0181884765625,"y":109.63957214355469,"z":258.25335693359377},"rotation":{"x":-0.13506203889846803,"y":0.07778763025999069,"z":-0.010639018379151822,"w":-0.9877228140830994},"size":23.97837257385254,"orthographic":false}