{"cameraMode":{"drawMode":0,"name":"Shaded","section":"Shading Mode"},"sceneLighting":true,"audioPlay":false,"sceneViewState":{"m_AlwaysRefresh":false,"showFog":true,"showSkybox":true,"showFlares":true,"showImageEffects":true,"showParticleSystems":true,"showVisualEffectGraphs":true,"m_FxEnabled":true},"in2DMode":false,"pivot":{"x":6.359092712402344,"y":4.803286552429199,"z":-2.5723235607147219},"rotation":{"x":-0.13913585245609284,"y":0.29716795682907107,"z":-0.04382680356502533,"w":-0.9436169266700745},"size":10.850597381591797,"orthographic":false}