{"cameraMode":{"drawMode":0,"name":"Shaded","section":"Shading Mode"},"sceneLighting":false,"audioPlay":false,"sceneViewState":{"m_AlwaysRefresh":false,"showFog":true,"showSkybox":false,"showFlares":true,"showImageEffects":true,"showParticleSystems":true,"showVisualEffectGraphs":true,"m_FxEnabled":true},"in2DMode":false,"pivot":{"x":-0.5882202386856079,"y":-1.6923794746398926,"z":1.9307501316070557},"rotation":{"x":0.2916352152824402,"y":-0.22342455387115479,"z":0.07125788927078247,"w":0.9276896715164185},"size":3.472891330718994,"orthographic":false}