{"cameraMode":{"drawMode":0,"name":"Shaded","section":"Shading Mode"},"sceneLighting":false,"audioPlay":false,"sceneViewState":{"m_AlwaysRefresh":false,"showFog":false,"showSkybox":false,"showFlares":false,"showImageEffects":false,"showParticleSystems":false,"showVisualEffectGraphs":true,"m_FxEnabled":false},"in2DMode":false,"pivot":{"x":-0.0011452138423919678,"y":0.8688088059425354,"z":-0.06969881802797318},"rotation":{"x":-0.07863115519285202,"y":0.8910566568374634,"z":-0.16934426128864289,"w":-0.41373491287231448},"size":1.0819731950759888,"orthographic":false}