{"cameraMode":{"drawMode":0,"name":"Shaded","section":"Shading Mode"},"sceneLighting":true,"audioPlay":false,"sceneViewState":{"m_AlwaysRefresh":true,"showFog":true,"showSkybox":true,"showFlares":true,"showImageEffects":true,"showParticleSystems":true,"showVisualEffectGraphs":true,"m_FxEnabled":true},"in2DMode":false,"pivot":{"x":-15.551944732666016,"y":-3.3645145893096926,"z":-11.876659393310547},"rotation":{"x":0.27651965618133547,"y":-0.18873745203018189,"z":0.055457860231399539,"w":0.9406864047050476},"size":21.30664825439453,"orthographic":false}