{"cameraMode":{"drawMode":0,"name":"Shaded","section":"Shading Mode"},"sceneLighting":false,"audioPlay":false,"sceneViewState":{"m_AlwaysRefresh":true,"showFog":true,"showSkybox":false,"showFlares":true,"showImageEffects":true,"showParticleSystems":true,"showVisualEffectGraphs":true,"m_FxEnabled":true},"in2DMode":false,"pivot":{"x":-18.531612396240236,"y":0.023486003279685975,"z":-5.052832126617432},"rotation":{"x":-0.14061981439590455,"y":0.7896671295166016,"z":-0.19930751621723176,"w":-0.5636023879051209},"size":0.3168385624885559,"orthographic":false}