{"cameraMode":{"drawMode":0,"name":"Shaded","section":"Shading Mode"},"sceneLighting":false,"audioPlay":false,"sceneViewState":{"m_AlwaysRefresh":true,"showFog":true,"showSkybox":false,"showFlares":true,"showImageEffects":true,"showParticleSystems":true,"showVisualEffectGraphs":true,"m_FxEnabled":true},"in2DMode":false,"pivot":{"x":513.9422607421875,"y":110.16728973388672,"z":115.29295349121094},"rotation":{"x":0.1228690817952156,"y":-0.04519009590148926,"z":0.0061241621151566509,"w":0.9915935397148132},"size":1.7025349140167237,"orthographic":false}