{"cameraMode":{"drawMode":0,"name":"Shaded","section":"Shading Mode"},"sceneLighting":false,"audioPlay":false,"sceneViewState":{"m_AlwaysRefresh":false,"showFog":false,"showSkybox":false,"showFlares":false,"showImageEffects":false,"showParticleSystems":false,"showVisualEffectGraphs":true,"m_FxEnabled":true},"in2DMode":false,"pivot":{"x":0.1290178894996643,"y":0.7609589099884033,"z":0.07558614015579224},"rotation":{"x":-0.013712642714381218,"y":0.5791285634040833,"z":-0.009722704999148846,"w":-0.8151196241378784},"size":1.5374040603637696,"orthographic":false}