{"cameraMode":{"drawMode":0,"name":"Shaded","section":"Shading Mode"},"sceneLighting":false,"audioPlay":false,"sceneViewState":{"m_AlwaysRefresh":false,"showFog":true,"showSkybox":false,"showFlares":true,"showImageEffects":true,"showParticleSystems":true,"showVisualEffectGraphs":true,"m_FxEnabled":true},"in2DMode":false,"pivot":{"x":549.1900024414063,"y":106.32160186767578,"z":247.30999755859376},"rotation":{"x":0.21113143861293794,"y":0.6856340765953064,"z":-0.21887101233005525,"w":0.6613849401473999},"size":0.8667301535606384,"orthographic":false}