{"cameraMode":{"drawMode":0,"name":"Shaded","section":"Shading Mode"},"sceneLighting":true,"audioPlay":false,"sceneViewState":{"m_AlwaysRefresh":false,"showFog":true,"showSkybox":true,"showFlares":true,"showImageEffects":true,"showParticleSystems":true,"showVisualEffectGraphs":true,"m_FxEnabled":true},"in2DMode":false,"pivot":{"x":502.5316162109375,"y":52.079261779785159,"z":227.49789428710938},"rotation":{"x":-0.28083065152168276,"y":0.06805284321308136,"z":-0.019631939008831979,"w":-0.9573655128479004},"size":77.26152801513672,"orthographic":false}