{"cameraMode":{"drawMode":0,"name":"Shaded","section":"Shading Mode"},"sceneLighting":true,"audioPlay":false,"sceneViewState":{"m_AlwaysRefresh":true,"showFog":true,"showSkybox":true,"showFlares":true,"showImageEffects":true,"showParticleSystems":true,"showVisualEffectGraphs":true,"m_FxEnabled":true},"in2DMode":false,"pivot":{"x":507.7057800292969,"y":27.869054794311525,"z":465.8186950683594},"rotation":{"x":-0.34256502985954287,"y":-0.029329150915145875,"z":0.010691851377487183,"w":-0.9390161633491516},"size":3.5122876167297365,"orthographic":false}