{"cameraMode":{"drawMode":0,"name":"Shaded","section":"Shading Mode"},"sceneLighting":true,"audioPlay":false,"sceneViewState":{"m_AlwaysRefresh":false,"showFog":true,"showSkybox":true,"showFlares":true,"showImageEffects":true,"showParticleSystems":true,"showVisualEffectGraphs":true,"m_FxEnabled":true},"in2DMode":false,"pivot":{"x":512.0116577148438,"y":102.9214859008789,"z":123.67436218261719},"rotation":{"x":0.3415299952030182,"y":-0.25685614347457888,"z":0.09864529967308045,"w":0.8990592360496521},"size":13.252620697021485,"orthographic":false}