{"cameraMode":{"drawMode":0,"name":"Shaded","section":"Shading Mode"},"sceneLighting":true,"audioPlay":false,"sceneViewState":{"m_AlwaysRefresh":true,"showFog":true,"showSkybox":true,"showFlares":true,"showImageEffects":true,"showParticleSystems":true,"showVisualEffectGraphs":true,"m_FxEnabled":true},"in2DMode":false,"pivot":{"x":547.3492431640625,"y":106.34000396728516,"z":245.28067016601563},"rotation":{"x":-0.09359481930732727,"y":0.3549520969390869,"z":-0.03712086379528046,"w":-0.9298365712165833},"size":0.8667301535606384,"orthographic":false}