{"cameraMode":{"drawMode":0,"name":"Shaded","section":"Shading Mode"},"sceneLighting":true,"audioPlay":false,"sceneViewState":{"m_AlwaysRefresh":true,"showFog":true,"showSkybox":true,"showFlares":true,"showImageEffects":true,"showParticleSystems":true,"showVisualEffectGraphs":true,"m_FxEnabled":true},"in2DMode":false,"pivot":{"x":0.7267899513244629,"y":-0.4472759962081909,"z":-1.7708086967468262},"rotation":{"x":-0.12893038988113404,"y":-0.3759407103061676,"z":0.052892424166202548,"w":-0.9161332845687866},"size":3.6214447021484377,"orthographic":false}