{"cameraMode":{"drawMode":0,"name":"Shaded","section":"Shading Mode"},"sceneLighting":true,"audioPlay":false,"sceneViewState":{"m_AlwaysRefresh":false,"showFog":true,"showSkybox":true,"showFlares":true,"showImageEffects":true,"showParticleSystems":true,"showVisualEffectGraphs":true,"m_FxEnabled":true},"in2DMode":false,"pivot":{"x":515.4370727539063,"y":102.00651550292969,"z":157.37982177734376},"rotation":{"x":-0.44307735562324526,"y":0.21586522459983827,"z":-0.11082499474287033,"w":-0.8630258440971375},"size":8.261935234069825,"orthographic":false}