{"cameraMode":{"drawMode":0,"name":"Shaded","section":"Shading Mode"},"sceneLighting":true,"audioPlay":false,"sceneViewState":{"m_AlwaysRefresh":true,"showFog":true,"showSkybox":true,"showFlares":true,"showImageEffects":true,"showParticleSystems":true,"showVisualEffectGraphs":true,"m_FxEnabled":true},"in2DMode":false,"pivot":{"x":535.7788696289063,"y":105.63408660888672,"z":271.63421630859377},"rotation":{"x":0.1076873168349266,"y":-0.08397267758846283,"z":0.009654633700847626,"w":0.9908026456832886},"size":7.911648750305176,"orthographic":false}