{"cameraMode":{"drawMode":0,"name":"Shaded","section":"Shading Mode"},"sceneLighting":true,"audioPlay":false,"sceneViewState":{"m_AlwaysRefresh":true,"showFog":true,"showSkybox":true,"showFlares":true,"showImageEffects":true,"showParticleSystems":true,"showVisualEffectGraphs":true,"m_FxEnabled":true},"in2DMode":false,"pivot":{"x":504.9279479980469,"y":69.63621520996094,"z":284.34820556640627},"rotation":{"x":-0.18913599848747254,"y":0.07321669161319733,"z":-0.014526194892823697,"w":-0.9793354868888855},"size":86.34314727783203,"orthographic":false}