{"cameraMode":{"drawMode":0,"name":"Shaded","section":"Shading Mode"},"sceneLighting":true,"audioPlay":false,"sceneViewState":{"m_AlwaysRefresh":true,"showFog":true,"showSkybox":true,"showFlares":true,"showImageEffects":true,"showParticleSystems":true,"showVisualEffectGraphs":true,"m_FxEnabled":true},"in2DMode":false,"pivot":{"x":509.32830810546877,"y":105.13554382324219,"z":202.54347229003907},"rotation":{"x":0.25807684659957888,"y":0.050254885107278827,"z":-0.012901990674436093,"w":0.964954674243927},"size":2.3747878074645998,"orthographic":false}