{"cameraMode":{"drawMode":0,"name":"Shaded","section":"Shading Mode"},"sceneLighting":true,"audioPlay":false,"sceneViewState":{"m_AlwaysRefresh":true,"showFog":true,"showSkybox":true,"showFlares":true,"showImageEffects":true,"showParticleSystems":true,"showVisualEffectGraphs":true,"m_FxEnabled":true},"in2DMode":false,"pivot":{"x":514.3990478515625,"y":109.00701904296875,"z":153.4430389404297},"rotation":{"x":0.18780077993869782,"y":-0.2705719470977783,"z":0.054597917944192889,"w":0.9428220987319946},"size":32.44453811645508,"orthographic":false}