{"cameraMode":{"drawMode":0,"name":"Shaded","section":"Shading Mode"},"sceneLighting":false,"audioPlay":false,"sceneViewState":{"m_AlwaysRefresh":true,"showFog":true,"showSkybox":false,"showFlares":true,"showImageEffects":true,"showParticleSystems":true,"showVisualEffectGraphs":true,"m_FxEnabled":true},"in2DMode":false,"pivot":{"x":508.82000732421877,"y":114.29934692382813,"z":115.50350189208985},"rotation":{"x":-0.12467210739850998,"y":0.37864625453948977,"z":-0.05152495205402374,"w":-0.915676474571228},"size":11.632333755493164,"orthographic":false}